{
    "id": "player-counter",
    "name": "Player Counter",
    "author": "Finxnz",
    "version": "1.0.2",
    "description": "Show the amount of connected players to the server",
    "category": "plugin",
    "url": "https://github.com/pelican-dev/plugins/tree/main/player-counter",
    "update_url": null,
    "namespace": "Finxnz\\PlayerCounter",
    "class": "PlayerCounterPlugin",
    "panels": [
        "admin",
        "server"
    ],
    "panel_version": null,
    "composer_packages": {},
    "permissions": [
        "admin.player-counter.*"
    ]
}