{
    "id": "player-counter",
    "name": "Player Counter",
    "author": "Finxnz",
    "version": "1.0.4",
    "description": "Show the amount of connected players to the server",
    "category": "plugin",
    "url": "https://github.com/Finxnz/PlayercounterPelicanPlugin",
    "update_url": "https://raw.githubusercontent.com/Finxnz/PlayercounterPelicanPlugin/refs/heads/master/update.json",
    "namespace": "Finxnz\\PlayerCounter",
    "class": "PlayerCounterPlugin",
    "panels": [
        "admin",
        "server"
    ],
    "panel_version": null,
    "composer_packages": {},
    "permissions": [
        "admin.player-counter.*"
    ]
}